{
  "version": 1,
  "author": "Medina Dacic",
  "editor": "wokwi",
  "parts": [
    { "type": "wokwi-breadboard", "id": "bb1", "top": -31.8, "left": -275.6, "attrs": {} },
    { "type": "wokwi-arduino-uno", "id": "uno", "top": 292.51, "left": 193.72, "attrs": {} },
    {
      "type": "wokwi-membrane-keypad",
      "id": "keypad1",
      "top": -399.16,
      "left": 537.62,
      "attrs": {}
    },
    {
      "type": "wokwi-lcd2004",
      "id": "lcd1",
      "top": -329.85,
      "left": 844.42,
      "attrs": { "background": "blue", "color": "white" }
    },
    {
      "type": "wokwi-resistor",
      "id": "r1",
      "top": 325.46,
      "left": 653.28,
      "attrs": { "value": "220" }
    }
  ],
  "connections": [
    [ "uno:7", "bb1:45b.j", "green", [ "v-31.73", "h-228.09", "v-164.18" ] ],
    [ "uno:6", "bb1:47b.j", "green", [ "v-123.22", "h-200.22" ] ],
    [ "keypad1:C2", "bb1:47b.h", "green", [ "v0" ] ],
    [ "uno:5", "bb1:49b.j", "green", [ "v-84.51", "h-190.52" ] ],
    [ "keypad1:C3", "bb1:49b.g", "green", [ "v0" ] ],
    [ "uno:4", "bb1:51b.j", "green", [ "h-1.81", "v-105.65", "h-179.01" ] ],
    [ "keypad1:C4", "bb1:51b.f", "green", [ "v0" ] ],
    [ "uno:13", "bb1:7b.j", "green", [ "v-24.25", "h-516.2", "v-152.46" ] ],
    [ "uno:12", "bb1:9b.j", "green", [ "v-44.67", "h-503.01", "v-132.04" ] ],
    [ "uno:11", "bb1:11b.j", "green", [ "v-58.28", "h-485.29", "v-118.43" ] ],
    [ "uno:10", "bb1:15b.j", "green", [ "v-69.62", "h-463.03", "v-11.34" ] ],
    [ "keypad1:R2", "bb1:9b.f", "green", [ "v25.88", "h-833.7", "v12.85" ] ],
    [ "keypad1:R1", "bb1:7b.f", "green", [ "v15.36", "h-8.19" ] ],
    [ "keypad1:R3", "bb1:11b.f", "green", [ "v36.39", "h-5.49" ] ],
    [ "lcd1:RW", "uno:GND.1", "green", [ "v129.65", "h-496.2" ] ],
    [ "lcd1:K", "uno:GND.1", "green", [ "v121.87", "h-598.2" ] ],
    [ "bb1:15b.i", "lcd1:D4", "green", [ "v77.16", "h974.62" ] ],
    [ "uno:9", "lcd1:D5", "green", [ "v-95.03", "h508.89" ] ],
    [ "uno:5V", "lcd1:VDD", "red", [ "v32.06", "h434.28" ] ],
    [ "uno:5V", "r1:2", "red", [ "v50.56", "h392.68" ] ],
    [ "r1:1", "lcd1:A", "green", [ "v-17.39", "h-69.47" ] ],
    [ "lcd1:VSS", "uno:GND.1", "green", [ "v114.34", "h-22.77" ] ],
    [ "bb1:21b.j", "uno:8", "green", [ "v101.5", "h340.91" ] ],
    [ "bb1:21b.g", "keypad1:R4", "green", [ "v-70.69", "h715.12" ] ],
    [ "bb1:45b.g", "keypad1:C1", "green", [ "v-19.92", "h504.72" ] ],
    [ "lcd1:RS", "uno:A0", "green", [ "v350.61", "h-391.04" ] ],
    [ "lcd1:E", "uno:A1", "green", [ "v358.02", "h-400.51" ] ],
    [ "lcd1:D6", "uno:A2", "green", [ "v369.06", "h-458" ] ],
    [ "lcd1:D7", "uno:A3", "green", [ "v342.29", "h-457.61" ] ]
  ],
  "dependencies": {}
}