{
  "version": 1,
  "author": "Uri Shaked",
  "editor": "wokwi",
  "parts": [
    { "type": "wokwi-arduino-uno", "id": "uno", "top": 98.67, "left": -98.67, "attrs": {} },
    { "type": "wokwi-pir-motion-sensor", "id": "pir1", "top": -42, "left": 25.81, "attrs": {} },
    {
      "type": "wokwi-buzzer",
      "id": "bz1",
      "top": -43.43,
      "left": -69.04,
      "attrs": { "volume": "0.1" }
    }
  ],
  "connections": [
    [ "pir1:VCC", "uno:5V", "red", [ "v19", "h-175", "v261", "h181" ] ],
    [ "pir1:OUT", "uno:2", "green", [ "v37", "h68" ] ],
    [ "pir1:GND", "uno:GND.1", "black", [ "v31", "*", "v-28" ] ],
    [ "bz1:1", "uno:GND.1", "green", [ "v40.5", "h49.71" ] ],
    [ "bz1:2", "uno:13", "green", [ "v50.45", "h58.62" ] ]
  ],
  "dependencies": {}
}